{"cameraMode":{"drawMode":0,"name":"Shaded","section":"Shading Mode"},"sceneLighting":false,"audioPlay":false,"sceneViewState":{"m_AlwaysRefresh":false,"showFog":true,"showSkybox":false,"showFlares":true,"showImageEffects":true,"showParticleSystems":true,"showVisualEffectGraphs":true,"m_FxEnabled":true},"in2DMode":false,"pivot":{"x":-0.014357805252075196,"y":0.7598592042922974,"z":0.03098320960998535},"rotation":{"x":-0.20161665976047517,"y":-0.6519104838371277,"z":0.18591390550136567,"w":-0.7069681286811829},"size":1.1590861082077027,"orthographic":false}