{"cameraMode":{"drawMode":0,"name":"Shaded","section":"Shading Mode"},"sceneLighting":false,"audioPlay":false,"sceneViewState":{"m_AlwaysRefresh":false,"showFog":true,"showSkybox":false,"showFlares":true,"showImageEffects":true,"showParticleSystems":true,"showVisualEffectGraphs":true,"m_FxEnabled":true},"in2DMode":false,"pivot":{"x":-5.960464477539063e-7,"y":0.2839104235172272,"z":-0.052879273891448978},"rotation":{"x":0.13776618242263795,"y":-0.03831009939312935,"z":0.005334633402526379,"w":0.9897124767303467},"size":0.6234648823738098,"orthographic":false}