{"cameraMode":{"drawMode":0,"name":"Shaded","section":"Shading Mode"},"sceneLighting":false,"audioPlay":false,"sceneViewState":{"m_AlwaysRefresh":false,"showFog":true,"showSkybox":false,"showFlares":true,"showImageEffects":true,"showParticleSystems":true,"showVisualEffectGraphs":true,"m_FxEnabled":true},"in2DMode":false,"pivot":{"x":0.26014745235443118,"y":0.02440786361694336,"z":-0.039036840200424197},"rotation":{"x":0.12755008041858674,"y":0.8466479182243347,"z":-0.23459818959236146,"w":0.4603131413459778},"size":0.8660253882408142,"orthographic":false}