{"cameraMode":{"drawMode":0,"name":"Shaded","section":"Shading Mode"},"sceneLighting":false,"audioPlay":false,"sceneViewState":{"m_AlwaysRefresh":false,"showFog":true,"showSkybox":false,"showFlares":true,"showImageEffects":true,"showParticleSystems":true,"showVisualEffectGraphs":true,"m_FxEnabled":true},"in2DMode":false,"pivot":{"x":0.5979413390159607,"y":0.12668690085411073,"z":0.07376468181610108},"rotation":{"x":0.05101704224944115,"y":0.947384238243103,"z":-0.1933353841304779,"w":0.24998125433921815},"size":0.6234648823738098,"orthographic":false}